[
  {
    "id": "1c9b6fca-6cce-436e-89d3-31c1507ab784",
    "data": [
      {
        "text": "horarios",
        "userDefined": false
      }
    ],
    "isTemplate": false,
    "count": 0,
    "lang": "es",
    "updated": 0
  },
  {
    "id": "829fe9ab-b2ae-4dc2-8a0e-63e850eda253",
    "data": [
      {
        "text": "Necesito información sobre sus horarios",
        "userDefined": false
      }
    ],
    "isTemplate": false,
    "count": 0,
    "lang": "es",
    "updated": 0
  },
  {
    "id": "93e10056-f715-4219-88aa-5f90f272521a",
    "data": [
      {
        "text": "Sobre sus horarios",
        "userDefined": false
      },
      {
        "text": "?",
        "userDefined": false
      }
    ],
    "isTemplate": false,
    "count": 0,
    "lang": "es",
    "updated": 0
  },
  {
    "id": "1202de73-2cda-45ac-99f1-f804bc588330",
    "data": [
      {
        "text": "horario",
        "userDefined": false
      }
    ],
    "isTemplate": false,
    "count": 1,
    "lang": "es",
    "updated": 0
  },
  {
    "id": "20f44ce0-8128-4f03-b29e-e111a815833d",
    "data": [
      {
        "text": "Cuál es el horario de atención",
        "userDefined": false
      },
      {
        "text": "?",
        "userDefined": false
      }
    ],
    "isTemplate": false,
    "count": 1,
    "lang": "es",
    "updated": 0
  },
  {
    "id": "d423d63f-5967-4891-bfc4-8be94112b749",
    "data": [
      {
        "text": "Qué horario tienen",
        "userDefined": false
      },
      {
        "text": "?",
        "userDefined": false
      }
    ],
    "isTemplate": false,
    "count": 0,
    "lang": "es",
    "updated": 0
  },
  {
    "id": "adc1ae0c-0b28-4efe-817f-03d00a25d137",
    "data": [
      {
        "text": "informacion sobre horarios",
        "userDefined": false
      }
    ],
    "isTemplate": false,
    "count": 0,
    "lang": "es",
    "updated": 0
  },
  {
    "id": "4051b6b7-bdaa-490f-9009-208bf37c596f",
    "data": [
      {
        "text": "Necesito información sobre los horarios",
        "userDefined": false
      }
    ],
    "isTemplate": false,
    "count": 0,
    "lang": "es",
    "updated": 0
  }
]