[
  {
    "id": "fe935a85-9600-410c-9a64-69a32ce86a9a",
    "data": [
      {
        "text": "infor",
        "meta": "@informacion",
        "alias": "informacion",
        "userDefined": false
      }
    ],
    "isTemplate": false,
    "count": 0,
    "lang": "es",
    "updated": 0
  },
  {
    "id": "2d786ca4-113c-4a63-ba0b-e97375745995",
    "data": [
      {
        "text": "imform",
        "meta": "@informacion",
        "alias": "informacion",
        "userDefined": false
      }
    ],
    "isTemplate": false,
    "count": 0,
    "lang": "es",
    "updated": 0
  },
  {
    "id": "3d4337b0-5183-4649-bfdd-7293b4b1d4c8",
    "data": [
      {
        "text": "imf",
        "meta": "@informacion",
        "alias": "informacion",
        "userDefined": false
      }
    ],
    "isTemplate": false,
    "count": 0,
    "lang": "es",
    "updated": 0
  },
  {
    "id": "d371a719-2e51-4ec0-a0f8-212db7ae5dfd",
    "data": [
      {
        "text": "inf",
        "meta": "@informacion",
        "alias": "informacion",
        "userDefined": false
      }
    ],
    "isTemplate": false,
    "count": 0,
    "lang": "es",
    "updated": 0
  },
  {
    "id": "0610adf5-1647-40b3-b98c-3c87d9604e43",
    "data": [
      {
        "text": "más información",
        "meta": "@informacion",
        "alias": "informacion",
        "userDefined": false
      }
    ],
    "isTemplate": false,
    "count": 0,
    "lang": "es",
    "updated": 0
  },
  {
    "id": "dc6ade92-71f5-4bd7-a17b-59a875861237",
    "data": [
      {
        "text": "información",
        "meta": "@informacion",
        "alias": "informacion",
        "userDefined": false
      }
    ],
    "isTemplate": false,
    "count": 0,
    "lang": "es",
    "updated": 0
  },
  {
    "id": "2c22641d-7af7-4dc4-bf57-e4f3dd948b7a",
    "data": [
      {
        "text": "mas informacion",
        "meta": "@informacion",
        "alias": "informacion",
        "userDefined": true
      }
    ],
    "isTemplate": false,
    "count": 0,
    "lang": "es",
    "updated": 0
  },
  {
    "id": "aa388b8d-efd9-4b35-87c8-a942ad702362",
    "data": [
      {
        "text": "info",
        "meta": "@informacion",
        "alias": "informacion",
        "userDefined": true
      }
    ],
    "isTemplate": false,
    "count": 0,
    "lang": "es",
    "updated": 0
  },
  {
    "id": "8c13777a-ae57-407c-8770-7150654ad5f6",
    "data": [
      {
        "text": "informacion",
        "meta": "@informacion",
        "alias": "informacion",
        "userDefined": true
      }
    ],
    "isTemplate": false,
    "count": 0,
    "lang": "es",
    "updated": 0
  }
]