[
  {
    "value": "Sí",
    "synonyms": [
      "Sí"
    ]
  },
  {
    "value": "claro",
    "synonyms": [
      "claro"
    ]
  },
  {
    "value": "por favor",
    "synonyms": [
      "por favor"
    ]
  },
  {
    "value": "de hecho",
    "synonyms": [
      "de hecho"
    ]
  },
  {
    "value": "afirmativo",
    "synonyms": [
      "afirmativo"
    ]
  },
  {
    "value": "yes",
    "synonyms": [
      "yes"
    ]
  },
  {
    "value": "sure",
    "synonyms": [
      "sure"
    ]
  },
  {
    "value": "ok",
    "synonyms": [
      "ok"
    ]
  }
]