[
  {
    "value": "no",
    "synonyms": [
      "no"
    ]
  },
  {
    "value": "negativo",
    "synonyms": [
      "negativo"
    ]
  },
  {
    "value": "not",
    "synonyms": [
      "not"
    ]
  },
  {
    "value": "ni en un millon de años",
    "synonyms": [
      "ni en un millon de años"
    ]
  },
  {
    "value": "porsupuesto que no",
    "synonyms": [
      "porsupuesto que no"
    ]
  },
  {
    "value": "claro que no",
    "synonyms": [
      "claro que no"
    ]
  },
  {
    "value": "salir",
    "synonyms": [
      "salir"
    ]
  }
]