[
  {
    "value": "entre semana",
    "synonyms": [
      "entre semana"
    ]
  },
  {
    "value": "de lunes a viernes",
    "synonyms": [
      "de lunes a viernes"
    ]
  },
  {
    "value": "sábados y domingos",
    "synonyms": [
      "sábados y domingos"
    ]
  },
  {
    "value": "días feriados",
    "synonyms": [
      "días feriados"
    ]
  },
  {
    "value": "navidad",
    "synonyms": [
      "navidad"
    ]
  },
  {
    "value": "semana santa",
    "synonyms": [
      "semana santa"
    ]
  },
  {
    "value": "día de la madre",
    "synonyms": [
      "día de la madre"
    ]
  },
  {
    "value": "día del padre",
    "synonyms": [
      "día del padre"
    ]
  },
  {
    "value": "día de la independencia",
    "synonyms": [
      "día de la independencia"
    ]
  },
  {
    "value": "anexión de guanacaste",
    "synonyms": [
      "anexión de guanacaste"
    ]
  },
  {
    "value": "día de juan santamaría",
    "synonyms": [
      "día de juan santamaría"
    ]
  },
  {
    "value": "año nuevo",
    "synonyms": [
      "año nuevo"
    ]
  },
  {
    "value": "24 de diciembre",
    "synonyms": [
      "24 de diciembre"
    ]
  }
]