[
  {
    "value": "Correo",
    "synonyms": [
      "Correo"
    ]
  },
  {
    "value": "Chatbot",
    "synonyms": [
      "Chatbot"
    ]
  },
  {
    "value": "Paginas web",
    "synonyms": [
      "Paginas web"
    ]
  },
  {
    "value": "Office 365",
    "synonyms": [
      "Office 365"
    ]
  },
  {
    "value": "Ubiquiti",
    "synonyms": [
      "Ubiquiti"
    ]
  },
  {
    "value": "redes",
    "synonyms": [
      "redes"
    ]
  },
  {
    "value": "redes sociales",
    "synonyms": [
      "redes sociales"
    ]
  }
]