[
  {
    "id": "984803f2-e639-463f-b5ec-f3d971be6fab",
    "data": [
      {
        "text": "salir",
        "meta": "@negativo",
        "alias": "negativo",
        "userDefined": false
      }
    ],
    "isTemplate": false,
    "count": 0,
    "lang": "es",
    "updated": 0
  },
  {
    "id": "059d44b9-9d23-427c-ab12-b1be872c5bb3",
    "data": [
      {
        "text": "No gracias",
        "userDefined": false
      }
    ],
    "isTemplate": false,
    "count": 0,
    "lang": "es",
    "updated": 0
  },
  {
    "id": "746d54a6-ec4c-4310-94b6-636175b4bdc1",
    "data": [
      {
        "text": "no",
        "userDefined": false
      }
    ],
    "isTemplate": false,
    "count": 1,
    "lang": "es",
    "updated": 0
  }
]