[
  {
    "id": "968a0282-c6e2-4fd5-bd4a-6fc8fbe87bea",
    "data": [
      {
        "text": "serv",
        "meta": "@Servicios",
        "alias": "Servicios",
        "userDefined": true
      }
    ],
    "isTemplate": false,
    "count": 0,
    "lang": "es",
    "updated": 0
  },
  {
    "id": "b478e1d6-b063-470b-8cf9-2d569c4d54f5",
    "data": [
      {
        "text": "services",
        "meta": "@Servicios",
        "alias": "Servicios",
        "userDefined": true
      }
    ],
    "isTemplate": false,
    "count": 0,
    "lang": "es",
    "updated": 0
  },
  {
    "id": "ede3b692-cc92-49f7-90c6-9559beaa02f8",
    "data": [
      {
        "text": "Servicios",
        "meta": "@Servicios",
        "alias": "Servicios",
        "userDefined": true
      }
    ],
    "isTemplate": false,
    "count": 0,
    "lang": "es",
    "updated": 0
  }
]