[
  {
    "id": "0610adf5-1647-40b3-b98c-3c87d9604e43",
    "data": [
      {
        "text": "más información",
        "meta": "@informacion",
        "alias": "informacion",
        "userDefined": false
      }
    ],
    "isTemplate": false,
    "count": 0,
    "lang": "es",
    "updated": 0
  },
  {
    "id": "dc6ade92-71f5-4bd7-a17b-59a875861237",
    "data": [
      {
        "text": "información",
        "meta": "@informacion",
        "alias": "informacion",
        "userDefined": false
      }
    ],
    "isTemplate": false,
    "count": 0,
    "lang": "es",
    "updated": 0
  },
  {
    "id": "2c22641d-7af7-4dc4-bf57-e4f3dd948b7a",
    "data": [
      {
        "text": "mas informacion",
        "meta": "@informacion",
        "alias": "informacion",
        "userDefined": true
      }
    ],
    "isTemplate": false,
    "count": 0,
    "lang": "es",
    "updated": 0
  },
  {
    "id": "aa388b8d-efd9-4b35-87c8-a942ad702362",
    "data": [
      {
        "text": "info",
        "meta": "@informacion",
        "alias": "informacion",
        "userDefined": true
      }
    ],
    "isTemplate": false,
    "count": 0,
    "lang": "es",
    "updated": 0
  },
  {
    "id": "8c13777a-ae57-407c-8770-7150654ad5f6",
    "data": [
      {
        "text": "informacion",
        "meta": "@informacion",
        "alias": "informacion",
        "userDefined": true
      }
    ],
    "isTemplate": false,
    "count": 0,
    "lang": "es",
    "updated": 0
  }
]