[
  {
    "id": "67ce08c6-4f94-4e8e-9ed2-766ec7ae39d5",
    "data": [
      {
        "text": "el horario",
        "meta": "@horario",
        "alias": "horario",
        "userDefined": true
      }
    ],
    "isTemplate": false,
    "count": 0,
    "lang": "es",
    "updated": 0
  },
  {
    "id": "f934819c-acfb-412f-b934-bd728b87c5ce",
    "data": [
      {
        "text": "horarios",
        "meta": "@horario",
        "alias": "horario",
        "userDefined": true
      }
    ],
    "isTemplate": false,
    "count": 0,
    "lang": "es",
    "updated": 0
  },
  {
    "id": "a7eee86f-e3d1-4cf8-a9a8-f0210b8f4c77",
    "data": [
      {
        "text": "horario",
        "meta": "@horario",
        "alias": "horario",
        "userDefined": true
      }
    ],
    "isTemplate": false,
    "count": 0,
    "lang": "es",
    "updated": 0
  }
]