[
  {
    "value": "hola",
    "synonyms": [
      "hola"
    ]
  },
  {
    "value": "buenas",
    "synonyms": [
      "buenas"
    ]
  },
  {
    "value": "saludos",
    "synonyms": [
      "saludos"
    ]
  },
  {
    "value": "ey!",
    "synonyms": [
      "ey!"
    ]
  },
  {
    "value": "que tal?",
    "synonyms": [
      "que tal?"
    ]
  },
  {
    "value": "buenos días",
    "synonyms": [
      "buenos días"
    ]
  },
  {
    "value": "buenas tardes",
    "synonyms": [
      "buenas tardes"
    ]
  },
  {
    "value": "buenas noches",
    "synonyms": [
      "buenas noches"
    ]
  }
]