[
  {
    "value": "mocaccino",
    "synonyms": [
      "mocaccino",
      "mocachino",
      "mocca",
      "moca"
    ]
  },
  {
    "value": "expreso",
    "synonyms": [
      "expreso",
      "espresso",
      "expresso",
      "espreso"
    ]
  },
  {
    "value": "americano",
    "synonyms": [
      "americano",
      "american"
    ]
  },
  {
    "value": "capuccino",
    "synonyms": [
      "capuccino",
      "capuchino"
    ]
  },
  {
    "value": "café con leche",
    "synonyms": [
      "café con leche"
    ]
  },
  {
    "value": "café negro",
    "synonyms": [
      "café negro"
    ]
  },
  {
    "value": "café",
    "synonyms": [
      "café",
      "tinto",
      "yodo"
    ]
  }
]