[
  {
    "id": "9f6c3455-b3a1-4c61-9438-5457c48afba2",
    "data": [
      {
        "text": "ola",
        "userDefined": false
      }
    ],
    "isTemplate": false,
    "count": 0,
    "lang": "es",
    "updated": 0
  },
  {
    "id": "b2ccc4bd-22c5-47de-8604-9d365c40cdc9",
    "data": [
      {
        "text": "todo ",
        "userDefined": false
      },
      {
        "text": "bien",
        "userDefined": true
      },
      {
        "text": "?",
        "userDefined": false
      }
    ],
    "isTemplate": false,
    "count": 0,
    "lang": "es",
    "updated": 0
  },
  {
    "id": "67b563f9-43e3-492a-a366-4f793bee2b96",
    "data": [
      {
        "text": "buenas noches",
        "userDefined": false
      }
    ],
    "isTemplate": false,
    "count": 0,
    "lang": "es",
    "updated": 0
  },
  {
    "id": "36b89539-bef8-4128-8a6a-caf70e84d240",
    "data": [
      {
        "text": "buenas tardes",
        "userDefined": false
      }
    ],
    "isTemplate": false,
    "count": 0,
    "lang": "es",
    "updated": 0
  },
  {
    "id": "6eb14571-9bba-432a-ae59-b4e30728a291",
    "data": [
      {
        "text": "buenos días",
        "userDefined": false
      }
    ],
    "isTemplate": false,
    "count": 0,
    "lang": "es",
    "updated": 0
  },
  {
    "id": "63810093-aa6a-4b62-a866-e0eeeb611eaf",
    "data": [
      {
        "text": "buenas",
        "userDefined": false
      }
    ],
    "isTemplate": false,
    "count": 0,
    "lang": "es",
    "updated": 0
  },
  {
    "id": "33225a89-28e3-4f25-a7e7-ce0f0797703c",
    "data": [
      {
        "text": "que tal",
        "userDefined": false
      }
    ],
    "isTemplate": false,
    "count": 0,
    "lang": "es",
    "updated": 0
  },
  {
    "id": "808ae0be-d81e-4d35-a5ba-60bd48be8f36",
    "data": [
      {
        "text": "hello",
        "userDefined": false
      }
    ],
    "isTemplate": false,
    "count": 0,
    "lang": "es",
    "updated": 0
  },
  {
    "id": "c42b993b-2935-4619-b49e-e4687ea91f42",
    "data": [
      {
        "text": "hola",
        "userDefined": false
      }
    ],
    "isTemplate": false,
    "count": 0,
    "lang": "es",
    "updated": 0
  },
  {
    "id": "9acaae31-a4fc-431c-9573-a192cd0725aa",
    "data": [
      {
        "text": "Liga Liga",
        "userDefined": true
      }
    ],
    "isTemplate": false,
    "count": 0,
    "lang": "es",
    "updated": 0
  }
]