[
  {
    "id": "385372de-a827-4639-ba90-9ecc19e5c65a",
    "data": [
      {
        "text": "Cual ",
        "userDefined": false
      },
      {
        "text": "es",
        "userDefined": false
      },
      {
        "text": " el ",
        "userDefined": false
      },
      {
        "text": "precio",
        "userDefined": true
      },
      {
        "text": " de los ",
        "userDefined": false
      },
      {
        "text": "correos",
        "userDefined": true
      },
      {
        "text": "?",
        "userDefined": false
      }
    ],
    "isTemplate": false,
    "count": 0,
    "lang": "es",
    "updated": 0
  },
  {
    "id": "de8eb2e9-b113-4bad-9ff8-23baec9089a7",
    "data": [
      {
        "text": "Precio de ",
        "userDefined": false
      },
      {
        "text": "los correos",
        "userDefined": false
      }
    ],
    "isTemplate": false,
    "count": 0,
    "lang": "es",
    "updated": 0
  },
  {
    "id": "ea8259c4-1c37-44b9-b7d4-3f40f37da5d1",
    "data": [
      {
        "text": "costos",
        "userDefined": false
      }
    ],
    "isTemplate": false,
    "count": 0,
    "lang": "es",
    "updated": 0
  },
  {
    "id": "92b19f88-aa11-436a-88ad-2df3abb6ae3f",
    "data": [
      {
        "text": "precios",
        "userDefined": false
      }
    ],
    "isTemplate": false,
    "count": 0,
    "lang": "es",
    "updated": 0
  },
  {
    "id": "30f52e65-9bad-4d85-88ab-d44a5dfbfc5a",
    "data": [
      {
        "text": "A cuánto las páginas web?",
        "userDefined": true
      }
    ],
    "isTemplate": false,
    "count": 0,
    "lang": "es",
    "updated": 0
  },
  {
    "id": "29f31f27-68b1-4d81-9b17-fec97d4692e0",
    "data": [
      {
        "text": "A cuánto los correos?",
        "userDefined": true
      }
    ],
    "isTemplate": false,
    "count": 0,
    "lang": "es",
    "updated": 0
  },
  {
    "id": "c24e20e4-9298-4e8f-bad4-eed540d8ed7b",
    "data": [
      {
        "text": "Cuánto cuesta",
        "userDefined": true
      },
      {
        "text": "?",
        "userDefined": false
      }
    ],
    "isTemplate": false,
    "count": 0,
    "lang": "es",
    "updated": 0
  },
  {
    "id": "66b4d200-0d17-4b26-b6ab-363f6f3907fd",
    "data": [
      {
        "text": "Cuál es el costo",
        "userDefined": true
      },
      {
        "text": "?",
        "userDefined": false
      }
    ],
    "isTemplate": false,
    "count": 0,
    "lang": "es",
    "updated": 0
  },
  {
    "id": "0b1b38bc-c886-4f4c-b4cc-b48f7e3cbb75",
    "data": [
      {
        "text": "Precio de las páginas Web",
        "userDefined": true
      }
    ],
    "isTemplate": false,
    "count": 0,
    "lang": "es",
    "updated": 0
  },
  {
    "id": "7fde53ed-2ab5-494d-b164-5714a01a5047",
    "data": [
      {
        "text": "Precio de los servicios",
        "userDefined": true
      }
    ],
    "isTemplate": false,
    "count": 0,
    "lang": "es",
    "updated": 0
  },
  {
    "id": "ff96c535-8529-4f38-834f-e93ad20d3513",
    "data": [
      {
        "text": "Precio de los bots",
        "userDefined": true
      }
    ],
    "isTemplate": false,
    "count": 0,
    "lang": "es",
    "updated": 0
  },
  {
    "id": "c981ef6d-0a26-4c13-a7ec-e09773b4941f",
    "data": [
      {
        "text": "El precio de las cuentas Office",
        "userDefined": true
      }
    ],
    "isTemplate": false,
    "count": 1,
    "lang": "es",
    "updated": 0
  },
  {
    "id": "e227197c-8a9f-4c18-bfec-1f3379731528",
    "data": [
      {
        "text": "Precio",
        "userDefined": true
      }
    ],
    "isTemplate": false,
    "count": 0,
    "lang": "es",
    "updated": 0
  },
  {
    "id": "3a0b7e51-7e39-46e9-ae35-d40aad97ffd8",
    "data": [
      {
        "text": "Cuál es el precio",
        "userDefined": true
      },
      {
        "text": "?",
        "userDefined": false
      }
    ],
    "isTemplate": false,
    "count": 0,
    "lang": "es",
    "updated": 0
  },
  {
    "id": "ccaddfff-c8b0-4665-a861-4659da2b013f",
    "data": [
      {
        "text": "Cuál es el precio del correo?",
        "userDefined": true
      }
    ],
    "isTemplate": false,
    "count": 0,
    "lang": "es",
    "updated": 0
  },
  {
    "id": "79c843fb-3b13-431d-b3f7-8b47dd00c35f",
    "data": [
      {
        "text": "Precio del correo",
        "userDefined": true
      }
    ],
    "isTemplate": false,
    "count": 0,
    "lang": "es",
    "updated": 0
  }
]