[
  {
    "id": "84573db1-17a3-4561-9316-471c1d8d8e1a",
    "data": [
      {
        "text": "muchas graxias",
        "userDefined": false
      }
    ],
    "isTemplate": false,
    "count": 1,
    "lang": "es",
    "updated": 0
  },
  {
    "id": "598bcf76-7eca-467b-a2a3-60e0832d5783",
    "data": [
      {
        "text": "graxias",
        "userDefined": false
      }
    ],
    "isTemplate": false,
    "count": 0,
    "lang": "es",
    "updated": 0
  },
  {
    "id": "11c44d08-38c1-4bee-abba-0ccadb300742",
    "data": [
      {
        "text": "gracis",
        "userDefined": false
      }
    ],
    "isTemplate": false,
    "count": 0,
    "lang": "es",
    "updated": 0
  },
  {
    "id": "9a133680-afad-41ed-9405-cf1dc4732cef",
    "data": [
      {
        "text": "Muchísimas gracias!",
        "userDefined": false
      }
    ],
    "isTemplate": false,
    "count": 0,
    "lang": "es",
    "updated": 0
  },
  {
    "id": "4bd220b3-e3d7-4477-8f67-e6828cd5a0a7",
    "data": [
      {
        "text": "Te agradezco",
        "userDefined": false
      }
    ],
    "isTemplate": false,
    "count": 0,
    "lang": "es",
    "updated": 0
  },
  {
    "id": "6c6009ab-9810-4dcd-9d3d-048eca79c531",
    "data": [
      {
        "text": "Le agradezco",
        "userDefined": false
      }
    ],
    "isTemplate": false,
    "count": 0,
    "lang": "es",
    "updated": 0
  },
  {
    "id": "005e1587-0814-42e3-b67a-1a3a91f4159a",
    "data": [
      {
        "text": "grasias",
        "userDefined": false
      }
    ],
    "isTemplate": false,
    "count": 0,
    "lang": "es",
    "updated": 0
  },
  {
    "id": "1768af83-8fe0-4b21-a5dc-0d4961493a43",
    "data": [
      {
        "text": "Gracias",
        "userDefined": false
      },
      {
        "text": "!",
        "userDefined": false
      }
    ],
    "isTemplate": false,
    "count": 0,
    "lang": "es",
    "updated": 0
  },
  {
    "id": "1677c83a-ff12-4411-8e72-875c5b8684c9",
    "data": [
      {
        "text": "Te agradezco.",
        "userDefined": false
      }
    ],
    "isTemplate": false,
    "count": 0,
    "lang": "es",
    "updated": 0
  },
  {
    "id": "e50a8758-f3dc-4a49-ab32-ca4d40d135c1",
    "data": [
      {
        "text": "Gracias",
        "userDefined": false
      }
    ],
    "isTemplate": false,
    "count": 0,
    "lang": "es",
    "updated": 0
  },
  {
    "id": "1d9d7f1b-5f24-42d4-9a3d-7b366d58e507",
    "data": [
      {
        "text": "Muchas gracias!",
        "userDefined": false
      }
    ],
    "isTemplate": false,
    "count": 0,
    "lang": "es",
    "updated": 0
  }
]