[
  {
    "id": "9e2d45ef-9f77-4143-9964-7062345a711e",
    "data": [
      {
        "text": "Me gustaría tener información",
        "userDefined": false
      }
    ],
    "isTemplate": false,
    "count": 0,
    "lang": "es",
    "updated": 0
  },
  {
    "id": "69e89e75-b5a3-4568-bd72-f860f61f1482",
    "data": [
      {
        "text": "Necesito saber algo...",
        "userDefined": false
      }
    ],
    "isTemplate": false,
    "count": 0,
    "lang": "es",
    "updated": 0
  },
  {
    "id": "86ccc261-b4f8-42bb-a19b-7c73932b5db5",
    "data": [
      {
        "text": "más información",
        "userDefined": false
      }
    ],
    "isTemplate": false,
    "count": 0,
    "lang": "es",
    "updated": 0
  },
  {
    "id": "48c506ac-7d40-4682-9564-5e46b9743684",
    "data": [
      {
        "text": "more info",
        "userDefined": false
      }
    ],
    "isTemplate": false,
    "count": 0,
    "lang": "es",
    "updated": 0
  },
  {
    "id": "614f89e3-ed00-4cf8-9108-6e0fcc33c057",
    "data": [
      {
        "text": "más info",
        "userDefined": false
      }
    ],
    "isTemplate": false,
    "count": 0,
    "lang": "es",
    "updated": 0
  },
  {
    "id": "1e5b069d-a42a-4410-8bb2-9e947b1110f1",
    "data": [
      {
        "text": "Si",
        "meta": "@afirmativo",
        "alias": "afirmativo",
        "userDefined": true
      }
    ],
    "isTemplate": false,
    "count": 0,
    "lang": "es",
    "updated": 0
  },
  {
    "id": "386a4b46-ed76-4d96-83ed-40ffccd7d7ff",
    "data": [
      {
        "text": "Sí",
        "meta": "@afirmativo",
        "alias": "afirmativo",
        "userDefined": true
      }
    ],
    "isTemplate": false,
    "count": 0,
    "lang": "es",
    "updated": 0
  },
  {
    "id": "6b1d7460-ec5a-48af-b861-5496b0d29cee",
    "data": [
      {
        "text": "Sí",
        "meta": "@afirmativo",
        "alias": "afirmativo",
        "userDefined": true
      },
      {
        "text": " por favor",
        "userDefined": false
      }
    ],
    "isTemplate": false,
    "count": 0,
    "lang": "es",
    "updated": 0
  },
  {
    "id": "4ce92ea5-b959-44cf-b46e-e9a691b919c1",
    "data": [
      {
        "text": "Claro",
        "meta": "@afirmativo",
        "alias": "afirmativo",
        "userDefined": true
      },
      {
        "text": "!",
        "userDefined": false
      }
    ],
    "isTemplate": false,
    "count": 0,
    "lang": "es",
    "updated": 0
  },
  {
    "id": "fbf98af3-84af-4640-a4b8-16b0a02e557f",
    "data": [
      {
        "text": "inf",
        "userDefined": false
      }
    ],
    "isTemplate": false,
    "count": 0,
    "lang": "es",
    "updated": 0
  },
  {
    "id": "9248399a-1dd4-4158-b3e2-a1b47ba9ea80",
    "data": [
      {
        "text": "information",
        "userDefined": true
      }
    ],
    "isTemplate": false,
    "count": 0,
    "lang": "es",
    "updated": 0
  },
  {
    "id": "f1f94106-fd99-4a90-afe9-6b2b4bbfb9b6",
    "data": [
      {
        "text": "necesito",
        "userDefined": false
      },
      {
        "text": " ",
        "userDefined": false
      },
      {
        "text": "saber algo",
        "userDefined": true
      }
    ],
    "isTemplate": false,
    "count": 0,
    "lang": "es",
    "updated": 0
  },
  {
    "id": "48168f4f-32fa-46ab-afef-ad4700778563",
    "data": [
      {
        "text": "necesito algo de informacion",
        "userDefined": false
      }
    ],
    "isTemplate": false,
    "count": 0,
    "lang": "es",
    "updated": 0
  },
  {
    "id": "81dc4bbf-9cb8-452c-99fe-4ea6213f3625",
    "data": [
      {
        "text": "info",
        "userDefined": false
      }
    ],
    "isTemplate": false,
    "count": 0,
    "lang": "es",
    "updated": 0
  },
  {
    "id": "59898634-6b81-4d35-be32-27db28a080dc",
    "data": [
      {
        "text": "informacion",
        "userDefined": false
      }
    ],
    "isTemplate": false,
    "count": 0,
    "lang": "es",
    "updated": 0
  },
  {
    "id": "ac5c6ee6-b482-450f-bd7c-aa12da8b035f",
    "data": [
      {
        "text": "necesito",
        "userDefined": false
      },
      {
        "text": " ",
        "userDefined": false
      },
      {
        "text": "informacion",
        "userDefined": false
      }
    ],
    "isTemplate": false,
    "count": 0,
    "lang": "es",
    "updated": 0
  }
]