[
  {
    "id": "23f53be6-08d0-457d-8e16-cce32d7ab4b1",
    "data": [
      {
        "text": "Necesito ",
        "userDefined": false
      },
      {
        "text": "un",
        "meta": "@sys.number",
        "alias": "number",
        "userDefined": false
      },
      {
        "text": " bot de whatsapp como este",
        "userDefined": false
      }
    ],
    "isTemplate": false,
    "count": 0,
    "lang": "es",
    "updated": 0
  },
  {
    "id": "95a5792a-c306-4121-934a-092fb23fb1d1",
    "data": [
      {
        "text": "Bot de whatsapp",
        "userDefined": false
      }
    ],
    "isTemplate": false,
    "count": 0,
    "lang": "es",
    "updated": 0
  },
  {
    "id": "5a0500d5-cf98-4ae4-8f83-2a78f3f3de0d",
    "data": [
      {
        "text": "Podrían brindarme ",
        "userDefined": false
      },
      {
        "text": "información",
        "meta": "@informacion",
        "alias": "informacion",
        "userDefined": false
      },
      {
        "text": " sobre los chatbots?",
        "userDefined": false
      }
    ],
    "isTemplate": false,
    "count": 0,
    "lang": "es",
    "updated": 0
  },
  {
    "id": "baaf6243-f00d-42a3-bf5a-21aff149aa91",
    "data": [
      {
        "text": "Y los chatbots?",
        "userDefined": false
      }
    ],
    "isTemplate": false,
    "count": 0,
    "lang": "es",
    "updated": 0
  },
  {
    "id": "a3d2b258-8aab-43f0-82f1-1848fa6cb104",
    "data": [
      {
        "text": "chatbots",
        "userDefined": false
      }
    ],
    "isTemplate": false,
    "count": 0,
    "lang": "es",
    "updated": 0
  },
  {
    "id": "79cac906-2b0e-4e1e-bf35-7536757274ab",
    "data": [
      {
        "text": "chatbot",
        "meta": "@Servicios",
        "alias": "servicios",
        "userDefined": false
      }
    ],
    "isTemplate": false,
    "count": 0,
    "lang": "es",
    "updated": 0
  },
  {
    "id": "a3268d5c-9d73-42bc-aac6-a274100a36f2",
    "data": [
      {
        "text": "Información",
        "meta": "@informacion",
        "alias": "informacion",
        "userDefined": false
      },
      {
        "text": " sobre los chatbots.",
        "userDefined": false
      }
    ],
    "isTemplate": false,
    "count": 0,
    "lang": "es",
    "updated": 0
  },
  {
    "id": "7209a2e2-454a-47cd-9b6c-0f1cca8d1375",
    "data": [
      {
        "text": "Sobre este ",
        "userDefined": false
      },
      {
        "text": "chatbot",
        "meta": "@Servicios",
        "alias": "servicios",
        "userDefined": false
      }
    ],
    "isTemplate": false,
    "count": 0,
    "lang": "es",
    "updated": 0
  },
  {
    "id": "5d4f13f7-c175-4024-b2d7-38b103e3f7ea",
    "data": [
      {
        "text": "Me encanta este ",
        "userDefined": false
      },
      {
        "text": "chatbot",
        "meta": "@Servicios",
        "alias": "servicios",
        "userDefined": false
      }
    ],
    "isTemplate": false,
    "count": 0,
    "lang": "es",
    "updated": 0
  },
  {
    "id": "7dc08ba4-4d63-4d9a-b0f1-eeeaca358f29",
    "data": [
      {
        "text": "Me gusta este ",
        "userDefined": false
      },
      {
        "text": "chatbot",
        "meta": "@Servicios",
        "alias": "servicios",
        "userDefined": false
      }
    ],
    "isTemplate": false,
    "count": 0,
    "lang": "es",
    "updated": 0
  }
]