[
  {
    "id": "e73da6c9-fe91-4c7f-819b-2b377de7c5a6",
    "data": [
      {
        "text": "Menú",
        "meta": "@menu",
        "alias": "menu",
        "userDefined": true
      }
    ],
    "isTemplate": false,
    "count": 0,
    "lang": "es",
    "updated": 0
  },
  {
    "id": "cfaf20de-1cfe-4ee1-907b-a8eaaeeab985",
    "data": [
      {
        "text": "9",
        "meta": "@sys.number",
        "alias": "number",
        "userDefined": true
      }
    ],
    "isTemplate": false,
    "count": 1,
    "lang": "es",
    "updated": 0
  },
  {
    "id": "7fa8963c-3da1-4e56-896b-818f1a300ac9",
    "data": [
      {
        "text": "Regreso al ",
        "userDefined": false
      },
      {
        "text": "Futuro",
        "userDefined": false
      }
    ],
    "isTemplate": false,
    "count": 0,
    "lang": "es",
    "updated": 0
  },
  {
    "id": "28674e41-9b20-41d8-82e2-9411f7257d10",
    "data": [
      {
        "text": "Quiero",
        "meta": "@verbo",
        "alias": "verbo",
        "userDefined": false
      },
      {
        "text": " ",
        "userDefined": false
      },
      {
        "text": "Sushi",
        "userDefined": false
      }
    ],
    "isTemplate": false,
    "count": 0,
    "lang": "es",
    "updated": 0
  }
]