[
  {
    "id": "84a4e1a5-5a2d-4295-ae63-59b49159631e",
    "data": [
      {
        "text": "No, ya no.",
        "userDefined": false
      }
    ],
    "isTemplate": false,
    "count": 0,
    "lang": "es",
    "updated": 0
  },
  {
    "id": "429cb48e-9dba-4e12-85e7-4eb30fab4872",
    "data": [
      {
        "text": "No por el momento.",
        "userDefined": false
      }
    ],
    "isTemplate": false,
    "count": 0,
    "lang": "es",
    "updated": 0
  },
  {
    "id": "a54ee915-d4d4-4b07-b5fa-c6e50b3b8114",
    "data": [
      {
        "text": "Eso ",
        "userDefined": false
      },
      {
        "text": "es",
        "userDefined": false
      },
      {
        "text": " todo.",
        "userDefined": false
      }
    ],
    "isTemplate": false,
    "count": 0,
    "lang": "es",
    "updated": 0
  },
  {
    "id": "51e96757-ded6-4d99-a4c4-d9836cf56048",
    "data": [
      {
        "text": "Es",
        "userDefined": false
      },
      {
        "text": " ",
        "userDefined": false
      },
      {
        "text": "todo por ahora",
        "userDefined": false
      }
    ],
    "isTemplate": false,
    "count": 0,
    "lang": "es",
    "updated": 0
  },
  {
    "id": "07421095-7413-43ee-89c9-d67390bf7dac",
    "data": [
      {
        "text": "Es",
        "userDefined": false
      },
      {
        "text": " todo.",
        "userDefined": false
      }
    ],
    "isTemplate": false,
    "count": 0,
    "lang": "es",
    "updated": 0
  },
  {
    "id": "78394267-293e-4072-b93d-43f663a0e493",
    "data": [
      {
        "text": "negativo",
        "userDefined": false
      }
    ],
    "isTemplate": false,
    "count": 0,
    "lang": "es",
    "updated": 0
  },
  {
    "id": "7ba39f50-50d8-4269-bb8b-5ad44bdcc92e",
    "data": [
      {
        "text": "No quiero",
        "userDefined": false
      }
    ],
    "isTemplate": false,
    "count": 0,
    "lang": "es",
    "updated": 0
  },
  {
    "id": "230baced-60e2-4441-bc0a-97eae10d356a",
    "data": [
      {
        "text": "No para qué?",
        "userDefined": false
      }
    ],
    "isTemplate": false,
    "count": 0,
    "lang": "es",
    "updated": 0
  },
  {
    "id": "8cdfa8a4-e2d2-451f-ba38-b7a40357d8ee",
    "data": [
      {
        "text": "Para qué?",
        "userDefined": true
      }
    ],
    "isTemplate": false,
    "count": 0,
    "lang": "es",
    "updated": 0
  },
  {
    "id": "984803f2-e639-463f-b5ec-f3d971be6fab",
    "data": [
      {
        "text": "salir",
        "userDefined": false
      }
    ],
    "isTemplate": false,
    "count": 0,
    "lang": "es",
    "updated": 0
  },
  {
    "id": "059d44b9-9d23-427c-ab12-b1be872c5bb3",
    "data": [
      {
        "text": "No gracias",
        "userDefined": true
      }
    ],
    "isTemplate": false,
    "count": 0,
    "lang": "es",
    "updated": 0
  },
  {
    "id": "746d54a6-ec4c-4310-94b6-636175b4bdc1",
    "data": [
      {
        "text": "no",
        "userDefined": true
      }
    ],
    "isTemplate": false,
    "count": 1,
    "lang": "es",
    "updated": 0
  }
]