[
  {
    "id": "ed82cd8e-d1fe-4e00-a7b7-902c5fc4edcb",
    "data": [
      {
        "text": "soporte técnico",
        "meta": "@soporte",
        "alias": "soporte",
        "userDefined": true
      }
    ],
    "isTemplate": false,
    "count": 0,
    "lang": "es",
    "updated": 0
  },
  {
    "id": "3f4f1a54-f3a0-42e9-9f89-9b15c421c97f",
    "data": [
      {
        "text": "soporte tecnico",
        "meta": "@soporte",
        "alias": "soporte",
        "userDefined": true
      }
    ],
    "isTemplate": false,
    "count": 0,
    "lang": "es",
    "updated": 0
  },
  {
    "id": "200d5c7b-ef09-4f66-bb82-e9142374d409",
    "data": [
      {
        "text": "support",
        "meta": "@soporte",
        "alias": "soporte",
        "userDefined": true
      }
    ],
    "isTemplate": false,
    "count": 0,
    "lang": "es",
    "updated": 0
  },
  {
    "id": "461486d2-a70e-4529-9679-c220653ef310",
    "data": [
      {
        "text": "soporte",
        "meta": "@soporte",
        "alias": "soporte",
        "userDefined": true
      }
    ],
    "isTemplate": false,
    "count": 0,
    "lang": "es",
    "updated": 0
  }
]