[
  {
    "id": "2db8d1a4-cdc3-4f2d-b2a5-6d4d0b7eb765",
    "data": [
      {
        "text": "Con ",
        "userDefined": false
      },
      {
        "text": "Cesar Segura",
        "meta": "@sys.given-name",
        "alias": "given-name",
        "userDefined": false
      }
    ],
    "isTemplate": false,
    "count": 0,
    "lang": "es",
    "updated": 0
  },
  {
    "id": "74499f50-bc51-4884-9c56-0f417fbdeb12",
    "data": [
      {
        "text": "Con ",
        "userDefined": false
      },
      {
        "text": "Cesar",
        "meta": "@sys.given-name",
        "alias": "given-name",
        "userDefined": false
      }
    ],
    "isTemplate": false,
    "count": 0,
    "lang": "es",
    "updated": 0
  },
  {
    "id": "1b401652-db77-486f-b852-723fce3ecefa",
    "data": [
      {
        "text": "Me llaman ",
        "userDefined": false
      },
      {
        "text": "César",
        "meta": "@sys.given-name",
        "alias": "given-name",
        "userDefined": false
      }
    ],
    "isTemplate": false,
    "count": 0,
    "lang": "es",
    "updated": 0
  },
  {
    "id": "0b8fd8e9-ad4f-4489-b892-f57d2ea61e80",
    "data": [
      {
        "text": "Mi",
        "userDefined": false
      },
      {
        "text": " nombre ",
        "userDefined": false
      },
      {
        "text": "es",
        "userDefined": false
      },
      {
        "text": " ",
        "userDefined": false
      },
      {
        "text": "César",
        "meta": "@sys.given-name",
        "alias": "given-name",
        "userDefined": true
      }
    ],
    "isTemplate": false,
    "count": 0,
    "lang": "es",
    "updated": 0
  },
  {
    "id": "adac5b87-63ba-450a-b5e9-90dac7dda85a",
    "data": [
      {
        "text": "César",
        "meta": "@sys.given-name",
        "alias": "given-name",
        "userDefined": false
      }
    ],
    "isTemplate": false,
    "count": 0,
    "lang": "es",
    "updated": 0
  },
  {
    "id": "0c3acad6-ceb9-4203-a3a1-61a1f9d2e67e",
    "data": [
      {
        "text": "me dicen ",
        "userDefined": false
      },
      {
        "text": "César Segura",
        "meta": "@sys.given-name",
        "alias": "given-name",
        "userDefined": true
      }
    ],
    "isTemplate": false,
    "count": 0,
    "lang": "es",
    "updated": 0
  },
  {
    "id": "29718b5e-ac9f-4721-aba0-36737a35b8fd",
    "data": [
      {
        "text": "Me llamo ",
        "userDefined": false
      },
      {
        "text": "César Segura",
        "meta": "@sys.given-name",
        "alias": "given-name",
        "userDefined": true
      }
    ],
    "isTemplate": false,
    "count": 0,
    "lang": "es",
    "updated": 0
  },
  {
    "id": "94554f3d-6430-4d1b-9ca1-adc89c873358",
    "data": [
      {
        "text": "César Segura",
        "meta": "@sys.given-name",
        "alias": "given-name",
        "userDefined": true
      }
    ],
    "isTemplate": false,
    "count": 0,
    "lang": "es",
    "updated": 0
  },
  {
    "id": "9c27a304-508d-4aab-b5ca-b0861531f98a",
    "data": [
      {
        "text": "Mi nombre es ",
        "userDefined": false
      },
      {
        "text": "César Segura",
        "meta": "@sys.given-name",
        "alias": "given-name",
        "userDefined": true
      }
    ],
    "isTemplate": false,
    "count": 0,
    "lang": "es",
    "updated": 0
  }
]