[
  {
    "id": "1e5b069d-a42a-4410-8bb2-9e947b1110f1",
    "data": [
      {
        "text": "Si",
        "meta": "@informacion",
        "alias": "informacion",
        "userDefined": false
      }
    ],
    "isTemplate": false,
    "count": 0,
    "lang": "es",
    "updated": 0
  },
  {
    "id": "386a4b46-ed76-4d96-83ed-40ffccd7d7ff",
    "data": [
      {
        "text": "Sí",
        "meta": "@informacion",
        "alias": "informacion",
        "userDefined": true
      }
    ],
    "isTemplate": false,
    "count": 0,
    "lang": "es",
    "updated": 0
  },
  {
    "id": "6b1d7460-ec5a-48af-b861-5496b0d29cee",
    "data": [
      {
        "text": "Sí por favor",
        "meta": "@informacion",
        "alias": "informacion",
        "userDefined": true
      }
    ],
    "isTemplate": false,
    "count": 0,
    "lang": "es",
    "updated": 0
  },
  {
    "id": "4ce92ea5-b959-44cf-b46e-e9a691b919c1",
    "data": [
      {
        "text": "Claro",
        "meta": "@informacion",
        "alias": "informacion",
        "userDefined": true
      },
      {
        "text": "!",
        "userDefined": false
      }
    ],
    "isTemplate": false,
    "count": 0,
    "lang": "es",
    "updated": 0
  },
  {
    "id": "fbf98af3-84af-4640-a4b8-16b0a02e557f",
    "data": [
      {
        "text": "inf",
        "meta": "@informacion",
        "alias": "informacion",
        "userDefined": false
      }
    ],
    "isTemplate": false,
    "count": 0,
    "lang": "es",
    "updated": 0
  },
  {
    "id": "9248399a-1dd4-4158-b3e2-a1b47ba9ea80",
    "data": [
      {
        "text": "information",
        "meta": "@informacion",
        "alias": "informacion",
        "userDefined": true
      }
    ],
    "isTemplate": false,
    "count": 0,
    "lang": "es",
    "updated": 0
  },
  {
    "id": "f1f94106-fd99-4a90-afe9-6b2b4bbfb9b6",
    "data": [
      {
        "text": "necesito",
        "meta": "@verbo",
        "alias": "verbo",
        "userDefined": false
      },
      {
        "text": " ",
        "userDefined": false
      },
      {
        "text": "saber algo",
        "meta": "@informacion",
        "alias": "informacion",
        "userDefined": true
      }
    ],
    "isTemplate": false,
    "count": 0,
    "lang": "es",
    "updated": 0
  },
  {
    "id": "48168f4f-32fa-46ab-afef-ad4700778563",
    "data": [
      {
        "text": "necesito algo de informacion",
        "meta": "@informacion",
        "alias": "informacion",
        "userDefined": false
      }
    ],
    "isTemplate": false,
    "count": 0,
    "lang": "es",
    "updated": 0
  },
  {
    "id": "81dc4bbf-9cb8-452c-99fe-4ea6213f3625",
    "data": [
      {
        "text": "info",
        "meta": "@informacion",
        "alias": "informacion",
        "userDefined": false
      }
    ],
    "isTemplate": false,
    "count": 0,
    "lang": "es",
    "updated": 0
  },
  {
    "id": "59898634-6b81-4d35-be32-27db28a080dc",
    "data": [
      {
        "text": "informacion",
        "meta": "@informacion",
        "alias": "informacion",
        "userDefined": false
      }
    ],
    "isTemplate": false,
    "count": 0,
    "lang": "es",
    "updated": 0
  },
  {
    "id": "ac5c6ee6-b482-450f-bd7c-aa12da8b035f",
    "data": [
      {
        "text": "necesito",
        "meta": "@verbo",
        "alias": "verbo",
        "userDefined": false
      },
      {
        "text": " ",
        "userDefined": false
      },
      {
        "text": "informacion",
        "meta": "@informacion",
        "alias": "informacion",
        "userDefined": false
      }
    ],
    "isTemplate": false,
    "count": 0,
    "lang": "es",
    "updated": 0
  }
]