[
  {
    "id": "8203c591-42dc-45bb-bf02-949c6a007d96",
    "data": [
      {
        "text": "También podrían ",
        "userDefined": false
      },
      {
        "text": "brindarme información sobre el soporte técnico",
        "meta": "@soporte",
        "alias": "soporte",
        "userDefined": false
      },
      {
        "text": "?",
        "userDefined": false
      }
    ],
    "isTemplate": false,
    "count": 0,
    "lang": "es",
    "updated": 0
  },
  {
    "id": "2d0b47f8-2c3a-40e7-adce-3558352603ab",
    "data": [
      {
        "text": "Necesito ayuda con un equipo",
        "meta": "@soporte",
        "alias": "soporte",
        "userDefined": false
      }
    ],
    "isTemplate": false,
    "count": 0,
    "lang": "es",
    "updated": 0
  },
  {
    "id": "aed9922a-480a-4007-a2dd-b9b60c0aaa0c",
    "data": [
      {
        "text": "Support",
        "meta": "@soporte",
        "alias": "soporte",
        "userDefined": false
      }
    ],
    "isTemplate": false,
    "count": 0,
    "lang": "es",
    "updated": 0
  },
  {
    "id": "fe3e96d3-cf8c-47d1-b2bb-1c52938c2ec7",
    "data": [
      {
        "text": "Soporte Técnico",
        "meta": "@soporte",
        "alias": "soporte",
        "userDefined": false
      }
    ],
    "isTemplate": false,
    "count": 0,
    "lang": "es",
    "updated": 0
  },
  {
    "id": "075f3669-6b8f-447c-9224-0675336d1b33",
    "data": [
      {
        "text": "Sí, podrían brindarme soporte",
        "meta": "@soporte",
        "alias": "soporte",
        "userDefined": false
      },
      {
        "text": "?",
        "userDefined": false
      }
    ],
    "isTemplate": false,
    "count": 0,
    "lang": "es",
    "updated": 0
  },
  {
    "id": "a3dcb247-23fa-441f-8b86-fbadef58a09d",
    "data": [
      {
        "text": "Necesito soporte",
        "meta": "@soporte",
        "alias": "soporte",
        "userDefined": false
      }
    ],
    "isTemplate": false,
    "count": 0,
    "lang": "es",
    "updated": 0
  },
  {
    "id": "f5402a96-50a4-4186-9e3d-36eb3a85e9e9",
    "data": [
      {
        "text": "Soporte",
        "meta": "@soporte",
        "alias": "soporte",
        "userDefined": false
      }
    ],
    "isTemplate": false,
    "count": 0,
    "lang": "es",
    "updated": 0
  }
]