[
  {
    "id": "d9268ba2-01f3-4a13-9c11-0c67fd834114",
    "data": [
      {
        "text": "Necesito contratar un servicio",
        "meta": "@Servicios",
        "alias": "servicios",
        "userDefined": false
      }
    ],
    "isTemplate": false,
    "count": 0,
    "lang": "es",
    "updated": 0
  },
  {
    "id": "f13dc35d-cdfd-480a-bf01-84f4efe13a12",
    "data": [
      {
        "text": "servisios",
        "meta": "@Servicios",
        "alias": "servicios",
        "userDefined": true
      }
    ],
    "isTemplate": false,
    "count": 0,
    "lang": "es",
    "updated": 0
  },
  {
    "id": "317de5b2-db1f-4554-85be-583e7eb1eaf5",
    "data": [
      {
        "text": "serv",
        "meta": "@Servicios",
        "alias": "servicios",
        "userDefined": false
      }
    ],
    "isTemplate": false,
    "count": 0,
    "lang": "es",
    "updated": 0
  },
  {
    "id": "322fa169-a778-48ab-8152-fc6099ec8b47",
    "data": [
      {
        "text": "Cuales son sus servicios",
        "meta": "@Servicios",
        "alias": "servicios",
        "userDefined": false
      },
      {
        "text": "?",
        "userDefined": false
      }
    ],
    "isTemplate": false,
    "count": 0,
    "lang": "es",
    "updated": 0
  },
  {
    "id": "a6cf2ab2-b69e-43cd-9980-586dcc0b29e7",
    "data": [
      {
        "text": "Qué servicios dan?",
        "meta": "@Servicios",
        "alias": "servicios",
        "userDefined": false
      }
    ],
    "isTemplate": false,
    "count": 0,
    "lang": "es",
    "updated": 0
  },
  {
    "id": "066696eb-e4f8-4592-82e3-df8c75af6785",
    "data": [
      {
        "text": "Cuáles servicios brindan?",
        "meta": "@Servicios",
        "alias": "servicios",
        "userDefined": false
      }
    ],
    "isTemplate": false,
    "count": 0,
    "lang": "es",
    "updated": 0
  },
  {
    "id": "ef666c20-0552-4374-be4c-7e466fd7599d",
    "data": [
      {
        "text": "Me regala información sobre servicios",
        "meta": "@Servicios",
        "alias": "servicios",
        "userDefined": false
      },
      {
        "text": "?",
        "userDefined": false
      }
    ],
    "isTemplate": false,
    "count": 0,
    "lang": "es",
    "updated": 0
  },
  {
    "id": "fea60bc0-5cf2-4b87-87ff-9ec031c583e8",
    "data": [
      {
        "text": "Información sobre servicios",
        "meta": "@Servicios",
        "alias": "servicios",
        "userDefined": false
      }
    ],
    "isTemplate": false,
    "count": 0,
    "lang": "es",
    "updated": 0
  },
  {
    "id": "2df2a4f6-4a02-4f1a-bf2b-7ebdbacbdd5b",
    "data": [
      {
        "text": "Servicios",
        "meta": "@Servicios",
        "alias": "servicios",
        "userDefined": false
      }
    ],
    "isTemplate": false,
    "count": 0,
    "lang": "es",
    "updated": 0
  }
]