[
  {
    "id": "78394267-293e-4072-b93d-43f663a0e493",
    "data": [
      {
        "text": "negativo",
        "meta": "@negativo",
        "alias": "negativo",
        "userDefined": false
      }
    ],
    "isTemplate": false,
    "count": 0,
    "lang": "es",
    "updated": 0
  },
  {
    "id": "7ba39f50-50d8-4269-bb8b-5ad44bdcc92e",
    "data": [
      {
        "text": "No quiero",
        "meta": "@negativo",
        "alias": "negativo",
        "userDefined": false
      }
    ],
    "isTemplate": false,
    "count": 0,
    "lang": "es",
    "updated": 0
  },
  {
    "id": "230baced-60e2-4441-bc0a-97eae10d356a",
    "data": [
      {
        "text": "No para qué?",
        "meta": "@negativo",
        "alias": "negativo",
        "userDefined": false
      }
    ],
    "isTemplate": false,
    "count": 0,
    "lang": "es",
    "updated": 0
  },
  {
    "id": "8cdfa8a4-e2d2-451f-ba38-b7a40357d8ee",
    "data": [
      {
        "text": "Para qué?",
        "meta": "@negativo",
        "alias": "negativo",
        "userDefined": true
      }
    ],
    "isTemplate": false,
    "count": 0,
    "lang": "es",
    "updated": 0
  },
  {
    "id": "984803f2-e639-463f-b5ec-f3d971be6fab",
    "data": [
      {
        "text": "salir",
        "meta": "@negativo",
        "alias": "negativo",
        "userDefined": false
      }
    ],
    "isTemplate": false,
    "count": 0,
    "lang": "es",
    "updated": 0
  },
  {
    "id": "059d44b9-9d23-427c-ab12-b1be872c5bb3",
    "data": [
      {
        "text": "No gracias",
        "meta": "@negativo",
        "alias": "negativo",
        "userDefined": true
      }
    ],
    "isTemplate": false,
    "count": 0,
    "lang": "es",
    "updated": 0
  },
  {
    "id": "746d54a6-ec4c-4310-94b6-636175b4bdc1",
    "data": [
      {
        "text": "no",
        "meta": "@negativo",
        "alias": "negativo",
        "userDefined": true
      }
    ],
    "isTemplate": false,
    "count": 1,
    "lang": "es",
    "updated": 0
  }
]